

[
    {
        "building_id": 5,
        "created_at": "2025-02-26T19:06:42.292711+00:00",
        "name": "Main Building",
        "address": "Old Blessington Road, Belgard Road",
        "campus": "Tallaght",
        "city": "Dublin",
        "country": "Ireland"
    },
    {
        "building_id": 3,
        "created_at": "2025-02-26T19:06:42.292711+00:00",
        "name": "Main Building",
        "address": "St Stephen’s Green",
        "campus": "Aungier Street",
        "city": "Dublin",
        "country": "Ireland"
    },
    {
        "building_id": 1,
        "created_at": "2025-02-26T19:06:42.292711+00:00",
        "name": "Spraoi Building",
        "address": "Blanchardstown Road N",
        "campus": "Blanchardstown",
        "city": "Dublin",
        "country": "Ireland"
    },
    {
        "building_id": 7,
        "created_at": "2025-02-26T19:06:42.292711+00:00",
        "name": "Central Quad",
        "address": "Grangegorman Lower",
        "campus": "Grangegorman",
        "city": "Dublin",
        "country": "Ireland"
    }
]




