[
    {
        "location_id": 1,
        "created_at": "2025-02-26T19:06:46.355157+00:00",
        "student_id": 100,
        "building_id": 5,
        "start_session": "07:30:00",
        "end_session": "08:30:00",
        "room": "220",
        "event_type": "Study Room"
    },
    {
        "location_id": 2,
        "created_at": "2025-02-26T19:06:46.355157+00:00",
        "student_id": 101,
        "building_id": 3,
        "start_session": "11:45:00",
        "end_session": "12:45:00",
        "room": "019",
        "event_type": "Counselling service"
    },
    {
        "location_id": 3,
        "created_at": "2025-02-26T19:06:46.355157+00:00",
        "student_id": 102,
        "building_id": 1,
        "start_session": "15:15:00",
        "end_session": "16:15:00",
        "room": "100",
        "event_type": "GYM"
    },
    {
        "location_id": 4,
        "created_at": "2025-02-26T19:06:46.355157+00:00",
        "student_id": 103,
        "building_id": 7,
        "start_session": "09:25:00",
        "end_session": "10:25:00",
        "room": "015",
        "event_type": "Academic Support"
    }
]