[
    {
        "student_id": 100,
        "created_at": "2025-02-26T18:46:18.962394+00:00",
        "student_num": "X0021309",
        "first_name": "Joseph",
        "last_name": "Newsome",
        "programme": "BA_KACOS_B",
        "contact": 878238909
    },
    {
        "student_id": 101,
        "created_at": "2025-02-26T18:46:18.962394+00:00",
        "student_num": "X0018905",
        "first_name": "Ryan",
        "last_name": "Curran",
        "programme": "TA_KACOS_A",
        "contact": 858639009
    },
    {
        "student_id": 102,
        "created_at": "2025-02-26T18:46:18.962394+00:00",
        "student_num": "X0019003",
        "first_name": "Jason",
        "last_name": "Statement",
        "programme": "CA_KACOS_C",
        "contact": 868240909
    },
    {
        "student_id": 103,
        "created_at": "2025-02-26T18:46:18.962394+00:00",
        "student_num": "X0028909",
        "first_name": "Valentin",
        "last_name": "Ciubuc",
        "programme": "DA_KACOS_F",
        "contact": 839090909
    }
]